{
  "baseline_left": 0.03140314630452518,
  "baseline_right": 0.0,
  "mvc_left": 0.15571007987318322,
  "mvc_right": 0.0,
  "threshold": 0.0686952263751226,
  "mvc_threshold_percent": 30.0,
  "sensitivity": 1.0,
  "quality_score": 0.9,
  "warnings": []
}